Dates,AK,AL,AR,AZ,CA,CO,CT,DC,DE,FL,GA,HI,IA,ID,IL,IN,KS,KY,LA,MA,MD,ME,MI,MN,MO,MS,MT,NC,ND,NE,NH,NJ,NM,NV,NY,OH,OK,OR,PA,PR,RI,SC,SD,TN,TX,UT,VA,VI,VT,WA,WI,WV,WY,avg_USA
2019-01-01,89.91254381011842,55.73016458274251,45.72071815251565,70.06196992884136,77.24317681190605,67.09358281982276,37.939654815314384,83.2482293745906,37.77379207084222,77.23097231531311,67.76081428476391,177.51283930928867,58.16408361787625,65.35975635253956,54.10925496540398,54.83837081761246,66.84384948188948,45.867351876995755,51.27811901736472,52.65626964511093,41.0306926889982,52.95578117175044,56.08504204060735,56.54907318157585,47.756755932792046,55.508801407686825,72.6533388249647,48.4962767822316,81.0875846638353,61.70824783992154,56.26688354336426,38.60764654424764,66.12575887454807,73.16598904323773,70.98332836516029,47.34416623610339,54.810317958234755,71.87241872721962,50.544388717898904,52.426292026714066,44.60860384247651,53.409481925248784,66.135228748911,55.393031433373615,67.7778420161307,72.02624403354551,56.87071370559119,73.11228315137511,21.04262150868897,72.24933938985649,48.77082938469988,45.77278256007124,61.67611500531656,60.965460666551536
2019-01-07,110.30925503184237,53.140201716201524,46.92695525562256,60.1552820359345,72.62756315726716,62.61003254235808,42.44634616924457,72.7336331765391,32.91216827406658,70.44807177708726,62.514006848441426,166.34102418851694,47.92214166364826,67.37094382639107,52.552236293729756,37.5320577831379,63.80839860781921,37.90985891782654,42.937495768367405,55.29991439917025,40.48838110732929,60.184772647452284,51.533388590103925,61.21930382949033,44.75810720799609,44.200355915058935,72.72177371037297,45.91499172475886,61.69219600364774,46.71207524167489,57.9055486729145,46.56254231690439,50.43042721967642,73.67091832014661,71.69852780444774,41.81677884115608,49.51954201002214,63.69106399259594,51.31024042638649,58.38307686494286,43.714521968567226,59.87741754127654,63.018021105478546,48.51110359695571,77.44288081729184,51.03954021108874,50.63754130748696,170.4859037144726,44.60644991195944,61.94270019577539,51.66845371429735,35.28972649523462,68.19750047608034,59.987610583702946
2019-01-14,97.00856528366243,38.36115456394533,41.87672720023723,54.85746800406857,73.20520630709603,66.18926804681314,44.67623354848898,66.7134219050301,32.996144980303825,71.91149904013454,61.65574717955671,121.11363834318752,37.15006846304386,64.29262770149586,47.92371017223303,36.60082312025936,59.16350408932226,38.98206596723474,39.713948960050324,56.36058084352879,39.48822633707913,56.81817607371777,50.08806500772226,65.53223063301276,45.97854071039606,46.01460243345778,54.670893398934346,44.288192536365614,49.81102366199254,43.583269715384105,45.08035245841589,47.70725894418799,48.6248822305379,71.49034239697481,72.54485496126887,36.43865275195021,43.25861129132374,59.92305898173894,49.62072926351593,48.30141467786664,55.93304678535764,41.71439410222063,59.81234241577379,46.8981111819416,76.0394866402224,60.67354084916098,50.892039567057935,79.66765847144983,39.878572962327894,65.6623816686412,54.88672823250239,38.435432393533375,67.84169329840978,54.874551146304434
2019-01-21,92.40165042190179,42.22453961185373,46.483604230962676,65.98525074141062,72.75612738628455,65.872856680262,44.48888127466718,74.66794169398511,35.719587015882915,78.30403749677761,66.88834363667318,130.24532045145614,38.089086384894436,68.70169420911161,50.68522137692946,36.51426848028403,55.734064394817494,39.96667367976366,39.78296683038626,56.23111031887214,42.900437342366686,63.201785722804786,50.51792254812865,64.87844691320751,48.21977357252799,41.990847542475215,62.58310976153971,45.49438269110678,52.92352606748773,46.9386086393414,43.72624798897368,50.32272693166057,49.4634504931475,72.57095796315929,81.24888100176263,38.37127690223647,42.29271273228522,71.45588673481423,51.72751008979354,50.16770502231074,40.46388960376423,42.8556984765841,70.4251583021386,51.89687370363146,75.00896831569561,59.35322151811146,51.954008902196776,162.90402902458098,55.055503115547886,69.5350008209319,53.46564685410431,37.06805703237767,65.2015831147713,58.64013324080647
2019-01-28,106.5299990896623,34.6686588786394,44.26862788713061,83.54816146091753,74.75663060153391,60.87244648900547,38.513318756731024,66.03181376293368,41.35299452089213,80.69557792986578,74.2277886009674,112.60232920037052,39.37143222098252,59.67858283774191,47.06248178904982,38.90961915267437,51.88521733003656,38.24851228956807,36.29983297789737,54.36051190554818,35.33172462765437,67.6057485655492,45.74510565403025,58.68568466941413,42.724815875685344,39.739960201431884,55.058576237967365,43.102318051160495,45.878586623047504,45.373222899991596,51.11525788861569,45.4709133131972,55.15920434947956,71.88609090798488,92.10624213863224,34.905163672511975,44.23425715602081,65.0730370608395,49.01334149735853,38.40053363922268,43.3406548178555,40.89242614198275,55.327896100410996,48.79589109990215,73.37292051196586,55.78422484713389,47.35702525179782,117.62007663697563,42.869425167986094,63.32108935225437,48.80704835034974,31.925721993081734,53.679553573211315,55.35072219918588
2019-02-04,88.77036073277344,34.304596149463364,36.40934158010134,48.23966073234293,62.30463691800754,57.928059712817294,37.605020198363725,62.451850599908354,42.570929408411736,65.1381625061634,56.513601135065954,107.58515047106873,34.04672356308159,46.603032861112176,45.9492213007401,32.163327844325146,47.53808343451519,36.59988543453979,36.183996420230606,49.537390147380506,33.39035920168861,53.19866575229097,44.70799235025735,53.839195396980784,38.87360261075915,40.23563055656992,49.80903388633799,40.03101634080193,46.26802618721776,42.897449038249285,50.963701535468616,39.99721229970972,44.39843406907488,62.41563985171445,62.82071535872314,33.42411833815666,37.83448991214944,55.36592315274449,47.99969735350912,38.80494783344535,37.00155231689548,37.32845912543149,46.131925813334156,44.02226931668623,66.60778840118759,51.1647109044409,44.05441825014965,55.73612520588812,43.131202520802724,55.34728164097828,43.058856274624716,32.02507255098968,55.45580320625283,48.24121410762121
2019-02-11,123.9971116806168,41.77874640195717,41.81242387944211,52.263046538922346,72.6878481930191,63.223071934873154,46.077137076910155,79.37302566294359,39.269064448069855,69.64950646454157,62.06753247241582,127.58748840326523,43.62921897562417,61.51352539585742,53.62063432691964,40.45506381781621,54.63243532473864,42.15230354457528,37.89928630156884,59.518557609453595,39.761357217695725,57.902758810187244,51.680248565106666,57.95608330616876,44.301093701066506,43.46186601271623,61.42366125540805,46.87399372665546,71.72330245452895,48.38485093977442,58.25845819536541,43.79659105913181,51.63606624101033,71.73675593199633,69.83694404504473,39.252579306909,43.28735832651304,61.78949450853923,50.54591051837737,40.570460698165576,37.86717650998938,42.70389125853133,65.18990866377385,49.054488766190566,76.80751235198605,70.54670942106884,52.56350697786697,149.13541610919071,36.778033112651094,65.9444984529867,52.816705901704566,36.93833786082745,48.97746987898729,57.59831167055936
2019-02-18,99.23209072249728,40.469218042891455,45.40931876916858,48.528878682160894,72.41020631414584,63.367686642267024,42.563515976779534,85.35591844863238,42.54360511863301,69.77834900247254,61.91606542160043,124.28041131075416,41.83459716071029,60.04856886199236,53.74999714252096,41.68355390628121,57.72465557470343,38.59543513335817,37.873318735452706,62.86387473131608,38.34891556864539,64.04640866093855,55.562941798144934,62.80750343269121,47.84324195218383,42.62974495886933,55.491731533802316,47.84524762618231,68.23972512187287,47.02539784356989,53.8000746147064,46.14995417489372,48.02352220657653,69.43928139775201,78.43222007001243,39.771136632603785,45.88100076197503,69.24253586802323,50.0004623364717,31.67161245481156,55.65084966946882,40.80901897488287,68.5947203474239,49.086385213451564,78.84814331865739,70.19991883327741,51.107122661766226,193.43900815556012,59.04412410223182,66.42562470807863,51.817730099172465,41.27601255164088,70.2068320681523,59.41485689465716
2019-02-25,123.7965176445578,43.41542673600328,42.99985866015867,54.259456229723256,71.55058930820351,65.5535276004443,44.104605897142285,74.35172428054274,40.61240079356279,72.08800573319087,62.28312301922789,130.38659454567915,48.98632106706571,64.07803271671732,52.12161683147322,42.734058499187654,58.14001350777997,39.87550629636017,42.082479225861455,55.66666410386329,42.654920083245074,45.99722799150512,64.9223230091817,63.44072507047803,46.92925159727556,45.337465947515255,65.94229203871035,52.59046661639433,65.84448026302815,44.38786589653049,60.09939917611428,47.92929515600268,50.150449624889575,68.80630593736707,71.09492387281037,43.086041167257434,43.37503532475613,65.57894102146739,56.015147769584544,32.077523793995354,44.031108765898,42.167154499736796,73.38177933255237,54.13677286765426,77.01687907073538,56.962421690514965,54.83324546675141,158.53551428478985,65.75926235463712,72.79585662486517,53.906653806353425,43.42818491782784,64.00841307156307,59.741695298278
2019-03-04,117.22354346932356,49.796891032752455,41.10735941776763,57.384885426808935,70.52910024406059,63.224341691086856,44.584571646888094,81.48662427399316,37.954729313325686,67.9431905697934,59.68282696760786,120.40869572002698,43.6254494637026,67.92023623688343,50.53302401652878,47.88377362511496,79.31556689897383,43.94541666974101,43.418996603088395,58.77466054490639,41.85425322572444,58.237565425661344,62.85609224196161,64.45995733733206,44.5818935072727,51.9864914487834,59.26721218472858,58.8652562846719,74.65452809445692,57.933905598701315,55.096145640641744,45.320915490031894,52.2829345604711,68.27653008861029,66.53324326709954,46.141068826972855,40.54557915078769,60.26483078109138,54.58659084624572,45.529580969478424,53.84311824137784,47.38728246990171,62.39270113212639,56.33263103927617,78.36951744341192,60.89901746551672,59.2536271512749,256.1535832692736,57.30444682168758,70.36524806444325,48.42900320266892,44.48327489301129,62.16521602149739,62.5169269060107
2019-03-11,134.67907841350316,61.086123450910605,62.574902599714974,67.05138575469404,87.63056595827051,71.18693869643587,56.07576737396478,107.8158472535089,50.740642003280065,86.04565319474091,80.16478289509219,154.6156803323529,68.26444094735781,70.81362811423783,65.89270774933122,66.76647116047097,96.83876489395769,57.393750650543744,47.59728061250304,75.06387607873644,57.600530318429,94.75133738524649,63.922478838730214,79.06983044464327,68.13299445537223,76.21390976705754,86.30055118442999,67.41257935122678,83.42660144684095,65.14064336195268,61.63077540456748,67.21894541331308,73.889716858733,90.65406368006542,86.9746594244158,57.93951065100895,65.20947242684115,76.92366313210728,64.6561635138786,47.619850654548884,72.00947820189819,59.090892324305365,69.85974529176966,70.22145780698361,116.51138920030071,80.89115756990253,71.04129940912254,158.49830164470237,78.44199983365482,86.65748175053072,66.49168623078923,67.62537339664297,71.0013128522332,76.81751210112927
2019-03-18,118.16961887954768,60.63775976627863,81.99136563109873,64.68531562448318,88.1677479002686,81.90893650044372,59.9571182923796,92.84923986911129,44.52027115607728,85.02208118756164,76.08826350352624,159.20328492630782,78.80839764865215,79.95470323264125,68.01263956314521,57.616279140822705,71.19700104888041,46.54332857103847,48.25207838394466,68.0415174900016,61.358393306256104,82.81407499244114,60.90899394365492,79.58655448440561,66.45106172948027,56.51191261835461,92.70375174328954,55.22813222071695,81.46778661991429,66.94739611720425,57.303673319120655,60.58735519481597,63.59712344516039,88.67082002503444,86.1637434719991,58.779626735947026,87.89759010632953,87.19333798378565,58.65562022437785,52.998689909683854,67.63020753434272,53.223922421483174,70.5534575510117,65.50504006020057,98.01288183798269,83.04165628283529,61.84818183551437,188.14078246441727,49.838042877157505,82.00538996064536,81.40269322139002,45.408151427331035,90.24473481152552,74.98693827913247
2019-03-25,109.10793956037311,57.351358121657704,52.866079913313634,62.12957824257244,91.45351735272013,86.4345964671806,51.810259939384785,73.5211230999848,46.1889100491196,79.57045218031463,70.52582386477569,148.5145323956412,47.07530033682107,72.11801257921256,66.82576257615816,71.21710352570625,70.38148381838519,53.30397035887147,44.82129534104811,60.92896003096642,54.305289444555214,70.57672911830024,68.61343756440243,75.26189856784204,60.392265848496905,52.5333751910606,83.08506563450982,53.425929688724956,65.55677544980773,57.54593026292543,56.65706335989974,52.116236410490416,59.46160833748515,86.43808766250723,80.14323773991788,53.48780249202219,56.22728250463121,92.63900296573792,60.41653897414758,38.54401448113468,53.428785909266566,49.883644044942066,72.44808952206508,59.11267776986527,89.83181743706041,69.48580410795147,62.59443046608348,237.4616170594577,51.07828134294092,82.64631892631611,73.39089365999233,48.10657870901914,78.62975388872198,70.22023253389602
2019-04-01,118.07383645263296,52.515171584809096,54.242844686912115,64.37038938961653,93.23896517989809,80.19331401294089,61.56515412881732,80.88309826920482,56.44439427897888,80.24174050051823,75.67384398026032,146.57477033949587,49.62528091111447,77.69456343697995,56.38506904109887,58.64873686513901,66.56723955424575,58.78412117675871,43.335660142578966,66.02247708970754,48.428287438357046,61.09238360902462,73.91185900921222,74.05355327177986,51.88008447188514,49.39872629518649,78.5689438580129,53.30797253755629,67.9288325207947,54.896900545702216,50.270966891019,49.23224796203541,61.78672340441143,91.04952481356631,76.87308388177559,46.40136185911953,51.72120895895414,84.7023554473609,57.00159861459482,52.88736075004847,54.89496625960171,52.726860045577354,72.32720131812016,57.71739740306588,88.07412303008442,79.90455867725035,63.36431670359593,154.23629022132596,61.72822276531953,83.95936148811761,58.1472768666215,43.08711223260643,97.33240179863093,68.75424030135895
2019-04-08,115.98567894061031,49.34641026426958,49.570333672652865,62.174441333927824,92.14189588353958,78.4341265801535,55.10982499055778,80.29568386195686,51.759542170843275,81.84947611282844,69.54534818739491,147.04147781252664,47.93211281462897,69.62695152029518,59.198091994147255,49.49798863359447,65.87634761657496,44.33250454124097,53.03822891161554,74.11588748656436,50.304892435392254,79.00917787501398,63.23206583781896,65.53090801297101,58.80546004990489,47.79093034037814,64.34285084399225,55.53289221383639,61.842682699095754,56.99002490942036,55.14347561566757,55.512498947913116,60.125938345005004,94.89215270003344,81.4806199933436,46.908147946820485,52.34754675616127,79.98671873617442,56.28429368238738,60.322813545131396,60.44781825384875,55.59933514687138,62.63015350122495,63.25772276400676,86.4282194574809,66.94351946369143,63.7268184240856,116.17194186758113,74.92564059376211,89.58145350936742,58.92629537016496,51.8608195621598,62.19535847681741,67.09346304164995
2019-04-15,112.62638638900071,48.460956874978784,44.67158902598008,60.638258782548796,88.77934737300413,72.61925546624529,48.46023024035998,88.77912781064305,45.982070025870904,78.1067940342392,69.08513897090349,160.77942273933454,49.675247309234116,71.7565924234647,62.89262656247029,44.175132968521254,66.32436476494426,43.089033940244896,54.296334438926294,65.7211538975275,47.03873533841541,59.12455688934933,55.956832837654154,63.064031468351466,51.74092224543157,49.13939212864165,77.06792214282122,58.521477440651324,72.88116013802008,56.81664594270024,52.901240923097646,54.35362195708566,62.891015933844756,92.26243453256693,80.51262574222194,46.16331856323122,51.7440764304496,75.56193815121559,56.78455689038012,49.46807983261818,58.170514877950446,55.48305708992532,70.70605499374082,58.78465909222642,92.43311449119844,73.44711377976039,60.577689751494034,205.201490634813,62.4089997891224,76.75624926009219,62.08015857407628,50.33699220874321,73.89830936484114,67.75845383915424
2019-04-22,145.11348660532337,41.19460437989756,51.62822519340936,62.73808160564278,84.15469085539708,74.7093348768361,44.163081773021325,75.63715034901874,47.3476456263379,83.35053571637094,68.83201279875125,170.05275567870018,48.328141226849795,67.62102475581696,59.14469487391279,43.656373821573794,67.12973751695111,41.661225277975845,52.09342829815518,57.19582414238091,53.6386872555783,54.95421319837814,57.99141597093285,59.646279621287135,49.765996271244965,52.85964422410223,57.02478570207474,53.97452349807264,58.90701959123912,51.3566584801561,72.65003547627006,63.13716369990569,63.94768585006393,88.50177902474242,84.39226880193344,47.549437203906095,50.02669926109544,72.50918548397608,57.339127548573636,63.5926055010183,41.36388152950892,48.2531460452003,72.127830363709,57.79713640574201,86.19174044656836,74.45149361730941,55.92446999922056,213.64522078666138,74.49037551906585,80.40795483551366,62.1882260356366,43.3090291901968,71.08294398985484,67.56133426039739
2019-04-29,140.26461240665932,50.95859840225917,49.58338474302194,65.34713084244851,84.76288142961907,76.76383884190592,46.98066312320598,75.55866639322659,44.62069647669725,83.79303026728992,65.35796052634302,169.45353241290294,46.389369816057794,65.95939937189686,57.816776289599495,46.29196046504281,69.06296795178001,39.63928872500088,46.343361009760095,64.86490846197303,47.90379076889981,73.57785407572027,57.79892830839972,65.73272568772786,50.51759480869286,51.94694087859096,76.76831805660467,51.18095110659397,65.45604245247081,56.38574992847864,51.38923770593096,54.64188544950896,56.10949896356296,94.4342319007484,80.5291568817329,44.886232300835616,45.65180498152354,70.99743768166758,56.57191049766181,45.04958379445846,56.416912947293795,47.06356779316478,76.9433660110377,59.66072890116064,82.9248143713649,72.15177857922771,56.70226246408546,160.62039790964425,72.58265540425714,82.45061999179656,57.274271908620825,49.76498271675339,65.78754387479255,66.56012843508869
2019-05-06,108.40897647324236,51.40637235439209,58.077266019020996,70.83455803953495,90.12412784345541,80.58749560322569,45.950331067628404,82.03035085641092,60.615036522826365,85.52071417538446,73.06855732504704,184.99689437065464,52.78819001244545,79.80420894125916,58.757836660957864,49.37740454157687,61.81256542625551,46.86245274433879,48.962405813032944,63.441017357629775,49.23764973191261,50.96509113762053,60.319320218287274,66.23635351891072,53.77980069994622,55.638975635394246,78.69830146353287,58.411967726429346,57.18526638992679,56.91249048222388,63.14563353128539,52.89715768056911,65.19779238388934,92.056517285191,79.64813404538066,48.853524088466514,56.15991566734842,78.54093038147342,58.74292114224907,48.826214809116685,47.03290236700847,49.87032202333575,74.31443867665422,63.86967223991949,86.3169494363191,84.27631237689688,61.52817899574544,227.6118868032596,82.38609386309713,84.72058942341829,53.04984889616721,51.22800035324934,64.83296596334475,70.11167701105451
2019-05-13,127.42578330971986,53.50732977672509,55.20158013756564,71.14813810217862,89.78348847772064,89.5632511141982,50.95137027798354,82.16863772119432,46.201903157958185,87.02389625000211,72.19383452008799,166.41435207804702,54.581375643733466,68.12753574375337,60.822655479045636,52.792116463858385,70.18702663079982,51.49243874204318,55.35555449577826,63.48720431917189,50.034413769060116,48.762817226065756,61.749766101166955,62.06717677691327,54.014670560278674,56.65036056005703,75.95881303727589,55.64709280693437,68.16356488994877,65.26298533506207,49.659017808449796,53.896869430493574,71.2773422099344,89.9152841564321,77.73900300178579,48.939559679076794,54.550961470696585,76.59744871861544,61.90987335927685,55.449341111008,65.84244000680394,51.716294284434916,70.58343376380242,63.03893618364545,77.95663244769659,87.31182820489349,65.68328079962204,207.41685114581054,60.64957987849089,87.13676464271866,55.75706066942543,51.13749800282972,74.75035735033381,70.2954111666152
2019-05-20,112.24121615221416,52.90650871417082,61.705011158208116,73.80278014254971,91.13034757721432,88.06970203011866,56.4875477890709,81.51175404753245,49.64492123066664,87.19918123196095,74.17894203753363,177.44979107730396,53.97915661663105,77.70012964235687,64.06897660381739,49.608030954897615,78.68692480708326,53.25304748325001,58.30179024773975,67.4941605113725,54.23592611011661,65.40906166140707,61.6567787940731,71.30195422236378,61.232833368352146,56.979136889846096,66.78853434934817,57.91378444045149,65.41247041889433,65.7387826422968,54.13938503354567,53.97206154347749,73.05808417731114,89.92297163213303,82.25613331381692,52.00363816235353,59.64286675935765,74.46795694624393,63.69708992209414,45.38243738450922,63.109808897117965,52.40991793646864,87.18368754567952,66.21065872828453,92.42528322808948,86.0541636763477,66.14878990876952,152.85279075990573,68.16934727461008,86.27468761317547,60.9865117194482,59.66086207031184,77.51504670523158,71.76666724322878
2019-05-27,145.19932068781162,55.67334666162993,61.71226644182197,73.94849942528181,89.52353808632981,85.23274197825704,46.49330106339934,92.95710812593136,35.86921927489238,86.19817061223873,79.33638379926127,184.5052189039067,53.65891464466196,84.7476817564112,61.71181255966106,54.19283850596933,78.94412171502726,46.811165123128035,58.598146571586454,64.98382539692155,52.04726015330946,70.1330747023943,61.0689145970648,72.24465748431692,61.21467468863956,57.75852123517551,74.83545437687877,57.73834344837001,67.43312187233897,61.55976322745392,53.79893542125402,51.43301320331314,69.03282367595645,88.836628021558,80.98008264408996,51.86578217274514,62.487085111742886,76.8603362056502,60.63988322359176,37.43623030335639,50.96659313296307,49.55910071742514,72.19062534117603,67.1495139241771,93.07155686827903,83.34031940583071,65.30767645330337,170.54659399295718,51.373657720511176,83.08812407927827,61.46960918286771,47.27631630097163,60.14952689826233,71.04134756832703
2019-06-03,117.753613272094,49.62509093663268,57.92540596830847,74.97212085375715,90.16834753610814,82.23414548456597,48.000234039176796,77.03846414440017,42.37335395911421,85.04102592745345,77.62209373117881,161.29925036775273,58.707718163136136,76.41001930235144,59.281841661404144,51.41955265184423,73.80770827408492,49.42933541866988,53.83421202965609,59.74311370005376,49.51243691371799,72.10560878247706,56.98522804863292,67.80914514232522,61.68863586444707,55.14737315074724,69.65633015893356,54.88396040938105,73.43565089942977,62.906214480833775,55.68361633693943,52.87345793752617,72.01460010164705,91.96113988061157,76.5638504327774,53.264521080049256,62.43464579186908,66.75123989277996,59.14252075644732,51.00638735359319,49.14096705052486,51.30954062183296,79.04569268009567,63.5252895441984,90.43346092833816,76.425581613921,61.60122770247728,123.14580447846865,67.45874989943503,77.00105514630417,56.55838927107651,57.01366020083906,78.00454128578521,68.73919191056994
2019-06-10,130.09029996181474,56.19538067423437,57.08776844226082,74.64415942473858,91.34235276686407,82.51710654576715,57.737438315924386,82.78091429714854,42.63332653291272,89.69158095347096,76.59468266116744,164.70574233101715,56.3095511102611,87.21715198964483,61.62634150699039,57.45878889168314,78.71403662033082,51.27604372878794,54.142902195256504,62.415605838813455,52.004632481428146,63.20358572923747,58.59265595579678,71.87478048103777,61.721307320198115,59.59678674835517,70.26130567498257,60.39206388429236,97.5273835421227,71.11270930044455,55.271996114573184,51.61298168868641,69.87174418291745,88.68480492381599,76.94392479645704,52.42940437351857,67.23637435715155,85.45483082096827,60.63833902945585,53.810199974589345,48.161389455829074,55.30796135582596,72.53690559999518,65.49121731263229,94.23984387027184,83.62721799824696,67.3901558013601,103.23996326509871,58.2097936049359,83.92964825053059,59.48489629017486,57.761038359178535,78.7074430306637,71.16057472384645
2019-06-17,128.97679310612662,57.61661029103285,58.756295693593856,78.48804369628142,92.7003832518913,85.96754541581673,52.54804232343645,80.54624521524377,50.553896011474656,90.47829576079303,81.04005997267843,169.14366806640032,55.1352440578768,95.13812710522629,60.31210947562651,56.68264998160974,75.51282338581413,56.45119010814048,57.18812180381006,64.43213147859824,54.2095247271735,63.44001844357822,61.64629280937599,67.22279898659265,59.5471450398728,56.55879600439395,74.6384911844674,64.64034200235828,63.30689163685561,68.71934574736397,57.01448495585581,49.275515793286324,72.5281252186182,90.31350183333834,72.793634878885,56.50832660045626,59.95816306732053,83.81796146767827,61.958599404989464,47.32068824966221,45.42691904310524,54.3456692229258,66.44110279222015,65.4235040298645,90.44333549184677,91.22031685842441,62.14905992147958,201.1009436624913,64.81359494943068,81.60568839884465,70.09556505960553,52.93311296534645,89.22933690753914,72.98707685956073
2019-06-24,122.50246779019069,58.18087949277693,65.50600959987413,77.37610271295522,91.84237058329036,80.31352727147096,49.1500122273564,87.89638784809775,48.37487927556555,87.08849375470861,78.32777197088268,160.9973590867232,53.09159687344138,83.91625018248182,63.01196728835657,55.5634301571876,79.86899630785413,57.77137352272778,56.588439848791275,62.512931915187046,54.97059658732282,66.11596271745037,63.82678333557011,68.0303520606863,61.72609959528351,63.57330800723307,84.89349233138431,61.91081083983103,83.92053252695612,71.5036274082075,64.999202444852,53.05952913461401,67.98350870440107,87.80248810731872,73.12656962459775,52.611219442461284,60.588659053405415,85.31738831930052,61.890779771383784,56.75970518194932,58.46151367186425,56.59564499365208,84.32394203773562,71.44621741052703,96.38283737253329,86.25878542900287,62.57585257863683,107.545229866157,66.86043231838416,82.91239507529879,59.8278248409224,56.26755211537938,77.46119112482044,72.29077890073665
2019-07-01,119.44019768544445,55.13797387469859,63.661430807262725,79.27862421146271,84.38401848130083,82.47113565833914,46.51571468982337,86.3377802899748,43.69874364956548,84.43276312865837,76.37054865387128,164.54582958509286,58.54809122479117,81.3566060368017,61.011891558413495,60.26644271777229,75.12156121314376,60.68624476304578,54.19629956649398,63.60520535168289,52.17990025456359,43.0036587545219,64.49626485460102,64.66830619691379,64.19446006919189,60.19903672059322,65.53788074326766,63.47038895940319,72.04319812462086,64.89775854676539,52.89797962194976,55.536989814306175,67.57350526996022,87.85813992587242,71.79444164161913,54.64029500219719,70.45598288934545,66.08970019380224,59.20550591374649,51.586014311549924,45.69620782824924,56.35022388287118,76.86460395494302,70.64350762655741,97.33348464094976,73.04938056631973,65.51322377539628,118.63931182654349,62.62272357771616,84.50195262223599,60.70147990920093,57.58887112509787,85.10636742630838,69.96241225884566
2019-07-08,114.67380393400863,55.81656681577718,60.68849604856453,76.76602497937436,87.85070686105804,86.14171554822576,48.279505919085324,83.05827697040108,58.48137256574621,86.87958878505667,72.49041532866771,167.07365376860233,57.057454461133815,79.78382859138635,60.97979759722392,55.89347130556407,78.04433681176464,59.49859607778472,52.00978191639158,60.28924323724089,57.139637076176776,59.107527456126576,63.23379806173504,72.56240877064215,58.975737082223965,52.15364120811771,80.0307199295763,65.11376840043441,89.25728524473381,65.74139813288657,45.75231372660058,59.01299026103789,73.48921297635755,94.73351284138977,76.16173932248833,56.37262704829346,66.54425345188072,76.29299767343812,62.47586527643505,57.50934251520958,49.32426701088701,54.22303433905957,75.5190212967304,68.91345765672648,98.6794395885331,80.8051120019853,67.1893581049205,137.29378817565959,69.78274047191013,80.94495177959922,61.24623918739393,60.421177992168026,85.86561660820344,72.14387958853997
2019-07-15,129.50317221528127,56.15028027994784,53.13643230261704,74.5170765190527,86.3576457954883,77.58406473423204,48.563347727809216,79.81175737282537,48.097126960452826,86.20630961673298,73.96582541272079,162.7210226944406,59.434831055963535,86.02784021273132,62.820574335596774,52.81590448359199,78.4242806606942,55.359092560983754,56.37540720655858,65.51933653565004,54.32843231966751,56.58894386201403,63.22717531283311,67.28431861930174,64.93577322134942,60.26578843236835,71.71724021379141,59.11536794847482,72.94277453167714,71.47893812702894,51.39619056718173,54.18026524709819,66.23014630896736,95.23127794417992,75.58362372590487,54.18597345909358,65.27259697576189,78.09718124002214,60.006007184684236,45.886912167016476,50.95275928899847,57.01433610861171,81.25747706251987,69.66173259681726,93.2974625605147,83.5387815012502,66.79606912976782,43.234935511677634,49.58973532178661,84.65705304616891,60.04097375569615,66.8248356321396,87.31264721739866,69.34952933632331
2019-07-22,113.00299617677449,57.269413719360074,66.30742263157381,70.93077417413637,86.62971350769536,78.79793105730613,50.972417379608686,88.84461991065409,49.997954317894546,87.96769173409186,74.50714825608807,132.67853092477614,60.909761755992406,85.32092285694674,64.04679909909275,54.13776982458347,79.20923356259233,56.12535803268332,54.64511909427758,61.78510101505294,55.747144757355635,49.80412013416677,64.02660089445409,66.75597439859246,65.87112890691404,58.74785528639101,82.02705380916628,64.23640051775303,80.72965889911896,71.38926410063912,62.478164687981966,55.9178156235048,70.73505451675155,88.7332987916477,76.2651434110363,54.093025116123464,63.01849846110277,79.31980033743748,59.4161095622481,49.5383200932846,50.427522205221116,56.2111816218471,70.94526040651334,64.1035479800469,77.96431455584576,74.13722172711691,67.2106298638885,115.36240954795386,52.69596218125846,84.58270959973916,60.22584820851056,59.17123590119768,81.37002444813577,69.94990527517218
2019-07-29,137.56746946177756,53.21830992766417,58.43463267543546,64.55384430164025,90.65706545532541,80.11786394111512,50.676244076796124,82.61221062014407,48.97683526236504,83.12689381494808,72.47834232469687,159.0185426925023,59.2209785680551,77.67606544247428,63.88813760169889,51.54574007504162,76.80848108726046,53.32310519282858,55.54593540575519,58.537666532562284,55.369161698071935,56.65780028352566,60.60299866865077,65.1878783214936,67.30453464724486,56.16640713404911,64.33611648140871,60.11689519553035,81.6651770331988,63.86326036201553,61.338583539913365,54.26914612127038,68.81855062857294,90.69597879172966,75.0590013679523,50.17622160119417,64.27496490321128,85.38855408143165,60.634712276025034,50.769609434269924,50.61272599527243,57.972831669962865,84.59623153808121,61.581180194045295,75.18414655239174,72.23547667673415,66.54768701484704,113.90776134804285,49.166026586809394,85.60517038342972,58.80647058708715,58.06794809567689,78.0585898349292,69.49098421713504
2019-08-05,124.81275504167023,50.584124852183024,57.22757204317827,68.51802197031128,88.84785596477501,80.49480994547724,53.138021783367996,92.90118100905799,47.28409032844857,82.37262205868713,68.54670675691759,153.01279302075469,56.87777381435943,87.90388035932592,59.624710108058736,51.97782925560545,75.79835743748053,50.73709859884725,55.0282764287909,60.041212638893086,53.182141246940276,60.243331801483144,61.9658221369202,64.57757210811818,66.09932641470083,49.211926479408255,82.24482828970524,63.69694734701304,72.41700665867138,60.53326384491443,63.20763964205698,55.23201315164911,67.83347892138185,91.64126861325686,74.43482707879326,48.12604378092351,60.3996213624459,81.9456875500629,63.211104376191976,48.982236592089045,47.085527027859456,55.4724756116043,75.9907962153216,60.595803730328605,73.32159278493306,76.69694148856675,66.85142432677607,154.07694494797371,69.06728965775248,82.58045103348569,57.35479517389632,53.96709134157469,64.47279144979007,69.66886236986377
2019-08-12,120.28524292827132,46.181009375576785,51.88261983691002,69.59923564531854,86.42908665135685,76.28242720178432,54.13881363316353,89.93746053257088,43.728817642174604,82.02715661707339,69.03953932203017,167.8716870293953,49.00131699586454,93.80428321209423,59.83089296433259,46.12707121476448,66.03599647968386,44.31520965589738,49.91974197971577,63.96795924229225,57.99379544971653,62.69986808600629,61.049994619057045,62.030775091701784,57.048974285599186,55.02790686595845,60.44663942354612,58.286546997709294,67.00281474057093,56.887358038528006,60.04900164258111,57.38592762905576,59.02775551583435,81.41921117642363,77.89660005494946,49.91126804099787,52.33571518252226,75.2756646549792,63.249263203540714,43.83088200908781,56.66503340936759,53.187670800143785,80.6318260918613,58.128389301871046,72.08459786920244,66.93773173708874,63.88347086691221,110.9467461849042,70.7761569143556,79.56483009021322,64.41078850126237,50.02026334680213,80.80760777917999,67.11899327852454
2019-08-19,105.02088363162842,44.21901843061585,43.3290822121869,66.80568073174717,83.06475997506763,74.19334911824441,51.18115121523444,90.0257095078675,39.488124981105905,79.46356346510449,62.8177050429196,163.20643828265077,47.26792308555908,80.9726099272847,58.10043976820842,41.23874191468153,62.14796063060735,39.615085384890975,44.295141785310896,65.07578394388958,54.48909526363934,67.14890522980471,62.75446578809089,63.91757608283754,49.935502605986464,49.25639087366937,67.50352173529544,51.82870585928526,64.68521960405789,53.65977058748176,60.75633915405871,60.002239272156324,58.272125207675685,81.00038291795998,79.708825757228,45.01217422295488,45.980655551907184,79.91388555524783,58.887457729037436,32.701876030312675,44.89403512619849,48.13860603368585,62.76186545904019,54.17968207875922,66.13979645672751,69.8382988871589,60.67262445487992,178.82209154775208,60.88421260770125,81.41781710527805,58.427275557329295,49.58831275975521,87.65726284665337,65.13898394310212
2019-08-26,102.61597953505684,52.23890677890881,49.5273819742294,63.77905387611391,82.37358005452948,74.95153352182267,49.78706498862208,81.34747467190009,40.23153488726932,78.20279200235329,64.52259219822534,157.25261207768384,45.538354876068865,82.48279087847446,58.95982018946084,44.18872621171354,60.64212948601427,39.78858401710485,42.479041073466966,64.79677717023387,48.138166731989934,64.06783228408547,55.73199588396256,60.307109284130476,54.210348850402575,49.23319193598696,87.7188901173304,50.07504734033049,68.209874068747,52.95782945104804,49.00236706513618,62.1791666460499,60.14968532901372,85.7582991804491,74.30520880894642,43.79735285372829,54.47566192715581,79.20882482681424,52.35569311097915,42.61883373329694,46.34222667229074,52.125234666749385,70.08157316144154,59.074208670099246,63.53634374174911,69.68756723311763,57.299413055041896,168.38543280098517,74.62821728618438,81.08804482018951,60.14912862815896,38.433365184830755,68.47670842910574,64.89652026884491
2019-09-02,110.24808378498308,45.16670992060469,55.697346146398104,63.57279831205707,81.54589444894734,71.1840480762629,39.21459806647224,78.47247650852403,50.41308815750917,76.6299104098213,65.56892809125675,143.36272748473831,44.019385892878894,62.91890238423936,54.431107804190795,41.560056442858055,62.81187003046868,42.2475641331211,46.113620771198256,56.83586811181932,42.94890147332242,47.994990489627476,52.50550273918494,59.70513007537416,52.36685681195297,53.572351913959764,77.40601160267666,49.9652946596496,66.20545277187577,51.91900129994153,52.138561879265964,49.873431770950404,57.1415058656705,84.08406072302884,67.79842390447995,42.39759257354329,53.70859510729514,85.81646336711914,52.276925773424786,46.28942946688012,41.51308718102643,44.93913618607984,69.448183051588,57.89962013472633,62.478412510652205,68.22040736494063,57.951676034587706,222.70461658100731,61.675407300674316,79.52578399770985,50.862442106609755,53.811896962040045,76.90853886565444,63.88808825518621
2019-09-09,100.08038772616577,46.6591042342845,45.40595239004645,68.53738301203711,85.49709923635595,74.08678710531409,43.57798858794797,74.78626049538885,43.72014684448627,81.92137808857414,64.45490737042321,171.25981565644122,42.741811567656285,72.24513888474235,54.19796840806051,39.120796892391596,67.34863002157536,43.2140660995491,45.47919929869362,51.014875564645536,44.1375904329375,61.72298276008142,54.37369790410437,63.712895160479896,49.717533556522504,42.46575031162901,80.08883587299526,51.660968559625,50.67918704893607,48.54504742227561,69.51973452338204,53.19001000785123,60.251451539113404,86.62360315330451,67.91853629831789,39.702448279732906,53.91293865813734,79.53953840182439,52.18511583442454,36.54586055941422,28.51677637658463,42.15821338204372,59.18163515498243,58.23710895366105,63.15008654735123,70.18595223823489,53.296663169945106,80.83061047642566,50.303059018981855,81.28240091483707,57.09944859615157,45.80907289177087,73.77919648879046,60.86176694301189
2019-09-16,109.0929331956882,42.64658330339717,55.46837492984702,62.61218532673328,79.66814313836494,73.14746271206715,45.35958074374911,69.180379614678,42.28201322863941,78.64352846483315,62.65313888052494,131.15069725824483,43.17669632967789,72.69634663101041,55.34114071885843,42.191063015031034,58.99025594086,42.83528819926234,46.30682944884158,51.475225752788496,44.95842137670029,71.36043981241039,54.82079541764225,62.78452001510704,50.755405375987785,43.04117888622654,64.60899860927739,52.38144418078105,41.71308391208324,54.75259811127944,56.31606259036982,48.475064881673234,56.541730864487235,81.52585142073683,68.43372943848716,42.02900531412977,56.440178341476134,75.68255561631244,52.61192072056985,35.26412060888865,48.760475866762675,46.5603881891011,63.709931310196744,56.74927692914989,58.99077138633022,68.27572680300729,54.118634317690535,68.22491712623625,62.54177719171868,84.15674448404799,59.098308835152615,42.37929644628825,66.13730568532023,59.606009941485404
2019-09-23,95.84181196451176,42.98988165691907,49.41840748082394,62.639765068104346,81.26015069342465,77.06932791848305,47.9772656326634,75.10374371146847,45.80312926260479,80.78814209927724,62.780232803497036,149.1910171454542,44.79953084660595,70.10134217877774,52.660167094192225,43.442835385792534,62.90127626584825,43.69163069874259,46.137840398862885,60.55043740410555,44.66182079922977,70.76953897545164,53.021859835057676,64.30268187208212,50.83747486580524,48.45793435630541,64.67895584726864,47.95295289636404,65.56413792369905,50.48788143250788,55.0129583128866,48.06239948224278,62.70934092641612,84.33803421981749,67.85753189211675,44.61874579155038,47.71245114529459,78.2046066778833,53.09255494628,31.1898933673427,45.02770140456198,46.380235552705116,73.24673782948746,56.76016911300911,63.4950295624191,69.87371821536529,53.49681417503695,101.69238703493882,40.06641340315376,84.65318938060855,54.680062543834254,39.03039224024217,57.9741671674408,60.661485073557834
2019-09-30,127.57474198166064,42.90767921502615,50.32121226506365,65.85060470692632,80.20869044904636,76.28445492254988,41.34205179591463,74.36207745203053,54.625342267637556,78.09342226413426,63.032814160225726,153.41567522953315,46.77212336592347,75.91982213990724,55.0826381118044,46.14688633916633,57.82543136390144,48.8598344862049,42.06027536268424,58.824404517382725,41.74229317201018,64.34880486619012,52.46265888423065,66.35234550495433,51.714402635546655,46.21817506289606,70.16891080817696,54.15568844641015,63.60385784600996,50.36143495753437,48.54925554686478,49.73342934496368,58.98976798491847,78.44867994993211,65.92425027582564,42.272546858093705,49.256227251774476,73.83945900796544,52.58912435057053,46.22675952220437,40.978991520637905,46.6624951014751,65.812875907039,60.97296008662603,62.74058933221129,68.14932670075974,57.65149071676503,132.38532821562694,61.92270269040103,82.36788451009983,56.354303221333545,37.64041131765918,76.78427050971708,62.582865745361275
2019-10-07,115.79790572739051,50.144461049191904,46.74927199236746,68.8916216959712,76.90493537094984,80.02261361698751,45.212897304646205,72.7330193937178,37.86697726657828,76.35836049393036,62.63881182437675,148.17433357165282,46.545103440038545,65.71974395797622,54.71316294269274,50.12282366408271,59.094434435241965,52.677725235358324,44.073902818033005,57.753022360759275,43.743852513526846,56.24661147828659,55.31530474226733,58.42106991289953,52.157350130649874,49.317005873399104,76.69840177861009,52.25746870490354,63.93371909311277,53.69627034637229,56.16486751026756,46.41800060664401,59.93204001989597,80.40624836154537,66.66674142237865,42.93584475559865,55.197057879085435,71.00864976125875,55.222782051106826,37.45392033092502,55.353429412034686,49.35412663260147,68.98994493825124,66.47597001535944,63.302313698373325,68.58953941237624,56.861625372158,93.71731707900044,48.23062543122089,77.43890214472778,54.606198875735295,47.16376375799634,61.658132380274274,61.45528725631674
2019-10-14,116.7150951448581,45.89263164647893,49.58043689227847,64.30412295026963,78.65269377310614,82.14113607326865,43.579214331463874,72.73264015678376,47.3072986234243,79.98104641129186,64.59485349160349,148.8261346250319,45.29621861242897,80.43535231739415,56.26721257647152,51.62761751515911,58.943986470682134,47.857935498992646,50.72100633243869,63.043290679763366,46.12447036749822,61.970385775810655,56.07732817930227,69.68888318304381,55.88077645673201,43.8356721945065,74.16074014603616,56.76955882864874,69.35772692449649,57.628824166285646,55.05043553001352,48.1803766950595,62.52565606731342,79.26483084825617,70.53572336201125,42.975796045239754,54.00515933606975,73.27606299613686,54.694644749124144,41.19655804196857,39.645706681552035,48.60857507414018,68.35730249977951,59.58150978887142,63.81424169866161,77.96923478795865,59.61618610343338,140.8820752583953,76.70593939306521,78.82204044315691,50.924144364940126,45.90021635242054,72.02085433141174,64.23674643008546
2019-10-21,130.94636434846214,42.923145311752364,49.59101368827531,64.25273745279021,77.22209842316856,74.22582870444701,45.75963771507582,79.58490865205181,40.1401437332201,80.3939519923108,62.28866076456317,143.37657012166446,46.42534266392603,73.99958903273775,53.46241331758393,46.89785048186448,61.42728274627661,40.36960457358544,42.63623191321317,56.24909027949757,47.55398947544463,70.84479191946639,54.98009809859257,66.83134284036821,50.7259155748851,49.41609159438243,67.0061718648667,50.47097673874604,71.80377686170331,55.1792757806977,57.471764569787275,47.08059502314443,59.19214943332368,83.6794125927666,68.43001531955339,43.7266696772221,50.15874077098094,70.94942979595656,57.53166868114344,39.46075991362825,45.843113705944006,47.193250960442725,66.12003882326654,53.364915281032225,61.61019635523001,67.20338433629784,57.290356323483635,49.63020720003939,73.78042659345188,76.61396404903859,56.887378292461264,44.86935409644347,63.79736385725614,61.110755704104044
2019-10-28,125.49520850610728,46.56477824816288,47.47862737253286,54.33260013754941,74.93088290265679,61.59091349652679,44.290293277291966,69.17379818148011,42.258882031419695,76.74693302728656,61.0135476084929,151.1686098175023,47.2313916657339,79.39890015099594,52.32558607076027,39.94517540706585,55.30443565379868,47.575474289870044,40.019604836906716,57.31029275095389,44.65267533171827,65.55833313081051,52.60327235567393,63.58205303215842,49.6947396137647,44.534968933898284,57.64390154346262,48.85974835576293,65.91631987968248,48.30393575944228,54.647578635559704,48.32222641128389,58.47841275720587,77.34461493043591,65.26716955507464,41.956354862372756,48.53587765394239,65.85545920414229,53.642365801937025,39.77232143688253,48.66893346423183,44.603368730068816,60.19651684004278,50.31930738365213,61.10327872039815,62.061592887381934,50.740604894821566,55.11821842782728,49.44302177422858,76.92496079055985,62.207433190617024,48.18899067440733,66.30822266322036,58.58891915207103
2019-11-04,101.97395656360744,41.52710979104843,50.79916570821087,61.46122872146876,77.29336257302845,77.91930545737895,47.93174304360829,79.06098492423985,39.73023693377853,80.52021140483772,63.40980538366615,149.31190605607313,49.09751478916,82.85118983857225,58.3690928286055,43.525820350452086,63.983859612730065,47.4657622916471,42.55005192852603,61.79272600160674,49.165812071730926,67.92005042673908,52.49662278372786,69.3693876581215,55.81531503107914,46.54608680034051,66.45473771100387,53.57719925804878,56.8148641295314,52.363395476651135,58.156576479849996,55.156280046788254,59.547947153553686,78.39530776261249,69.5539065902567,43.219504422665175,47.66573032095915,68.43208478222529,55.072111193717696,34.74768456476421,47.0753644647599,47.26339599380746,75.1611859939505,54.99193275468465,64.06557376386301,57.199162503332694,60.86756723534907,86.92506871323248,60.873497557637755,90.60082679403901,59.41918714338549,36.76680131923517,72.40671169734317,61.78607386417423
2019-11-11,123.35872321214264,45.06770026797997,46.531350935325776,62.81621582076311,76.94344242577449,71.82840196818624,46.502021832150746,75.18324889704013,54.41357270439776,78.37451519890345,62.00098337836727,163.71118769283638,48.1807638703575,69.0676464697389,56.44524731275671,41.78741236106494,63.02828005068545,40.228570210159845,43.06363939906487,60.90788760995223,49.43643021076914,55.14693800789331,53.13723953749354,65.60343307420437,52.02923394178987,47.350160682808294,72.04266769507313,52.86649491979416,72.01897985184213,51.285320141660996,58.80234359732626,52.042664555869024,57.47507595814446,79.57510415388728,70.5353123684271,42.22176947888556,49.04562552835167,70.64173548099194,51.97820369496158,53.93440785574229,52.6521672806843,48.83708537506241,80.09495176516765,54.85346549613247,60.626412630421115,69.55181125544111,57.98446097464701,45.50819597804706,72.268185043366,78.69458255049629,53.48972380280932,42.22338756514174,70.95980247250277,61.78026763289592
2019-11-18,147.89067969038692,48.146355120278216,49.370805297947186,53.12353414385626,70.9700456203687,75.30584953325513,42.5877024088529,69.41944601621127,43.577837350326526,72.3490440043973,61.25658610914935,128.2162028088516,44.84019548202856,77.17970659760911,54.30686415569995,41.037847694325436,69.34477877808757,40.20851988443898,40.68390536238457,57.34087730059614,43.38881604230299,55.77367849201863,52.40904037521425,61.85827231281828,50.689233788137344,50.293255848361795,54.293294499075834,48.118707978543156,60.30460298872226,54.94660547957774,45.55076362846637,46.086703627300885,58.625802857722064,80.20111293831386,64.35977325354945,39.155568472763704,47.51148886824078,67.0989022647925,52.693881122955744,45.36874529057682,45.419612128384564,46.77679636323265,62.46219252709562,54.93835498362135,62.614811176567365,74.21308038226421,57.346168081631966,116.01191293569305,68.196608004553,73.8587553335193,54.14264031129275,45.6853065528611,93.94590185861291,60.78296554958182
2019-11-25,116.29863356685156,57.2189692065514,57.96778518800783,67.69529613903265,80.54174920774079,77.45644890129829,39.97977799292784,94.32967762558876,46.04798291225423,82.80132210424269,72.2729498085356,129.6187945037189,62.9710605953209,76.06535557643043,60.38193689030892,49.27437129613161,78.9723764521987,46.55487716785132,53.38812703908661,59.426088524200004,52.3958976373106,51.724194812643965,56.979103377090475,62.14518060131371,53.521337130822246,57.29791853237341,63.18982193796687,58.795568375327996,65.22020531320477,56.67400680207921,65.52905620025201,45.12466166482092,56.92276589265168,88.58668853650768,70.96975053104974,47.24638065793071,63.15902118062922,68.80944190354823,56.682389274572586,51.94413694947689,39.03184797868689,52.61065904582305,64.7820134672085,67.41850614252091,75.60909743493609,72.75109182637992,63.108797665164566,62.501275920807295,60.35273631515896,71.91867414547167,60.326761768989755,65.82917753036884,75.12768654508574,64.78395158106518
2019-12-02,124.53213468912749,48.96442490886616,49.130663958659646,55.791159966154645,75.36430950985603,68.85581266448408,42.85711056344445,77.68091145281096,39.10458222791698,75.1076268700199,60.444605332019776,150.96112990907056,47.95407171814848,67.80830497730534,52.86407513160128,37.46967809531573,54.08974144897653,42.039011083639494,47.56910137763795,58.34802561065424,47.32383602293765,65.99186867517719,54.014599963842926,60.795371916803646,48.81792702514542,52.673443639744214,75.47195784750889,48.06730653776115,59.95669154276259,47.77878342058354,60.043151431694575,48.096814373277226,52.44280618101996,80.63528145291454,67.11486155208742,41.31003269590664,46.57995375541869,64.25161408372868,51.67046366996969,44.232377180388134,36.963743174521106,46.738623690823076,63.42333809764331,53.99323684265593,58.359297446917274,67.58166154062758,54.50179312356482,106.25303756203829,74.21004855003869,73.45383888750128,51.67704004535629,46.53041937711808,60.949666132688755,60.16681828180899
2019-12-09,123.99805975734616,53.349658883565645,51.822843677679955,65.22701550092323,75.87498646700038,78.86985328466366,41.35656364919952,68.80325927107278,43.54789568040852,79.34710994780188,66.12115087411915,147.1481868799314,48.52883792149278,68.11914518780925,56.28943683600247,40.664295715657694,63.709730108271806,42.662320125532865,45.6293776552664,52.82255059132737,41.612610803225046,51.59738261003847,55.62503099554672,64.45551302463369,48.78849185693842,50.595703645169046,74.0514996944598,50.52024653418968,61.59331990978464,48.84052739035482,63.86299441290015,46.72871191362238,58.60319915255788,77.03325859853445,64.15385422562412,47.95069405461825,53.067593457132226,78.87171366241118,51.94170942226128,59.93371393045559,46.159483562413605,52.802608160492134,67.87427915916894,57.271390412420644,64.31326594823686,62.022088597804824,55.30182635718782,194.2602851080782,51.48750584209678,77.87231978980991,59.403066857331716,39.64894664503718,72.20410422183068,63.47813618814037
2019-12-16,117.18700061453848,58.82734262498762,55.573598935477115,70.46678252778744,83.36740000357926,86.8891041798173,44.46214811316671,89.59132379425152,52.438069756299846,78.83277000660117,69.79225587227499,196.4875163615773,53.16310056507721,79.36912870876718,60.27044509811324,46.032757709812,60.739015571361186,51.18446693548126,50.414157395450935,59.037444289745466,47.52506426035973,45.29478912643452,55.80764395053121,67.8939755779339,52.217823305459405,56.2059576363421,90.21304343842637,56.248983897276666,68.43069337650954,55.073929513588,45.41293334128833,43.643149548779824,62.17844699346426,83.748622004646,73.2538895137813,48.990663342651956,58.09418506540259,68.79636117214851,53.25554273958006,47.83825368405375,48.030039623534705,54.076950183932325,70.64260318495455,58.89476299827314,67.99855336199724,80.98396111557534,62.943162438464896,128.22081161577663,54.1639353202077,87.24704120340675,58.526437461616844,54.819484225836185,77.13440938303319,66.94211193715914
2019-12-23,102.33201759104895,57.565659475912646,60.96291053975478,68.24752871361746,85.58594165279408,90.13056599882543,44.37144681893686,101.27826401060192,35.77242518701698,80.21441623415497,68.06021472336585,163.93105641223792,83.29155050421642,85.44514111733146,62.01767456558852,50.54540675889191,72.39513806085027,49.18734787352247,54.6516437359765,61.993046349665796,45.905290948946245,59.37285174443753,61.469821199297826,67.59787808324892,61.675663089030245,60.189725980996506,82.23628677507322,60.132192531158644,71.22280771702016,59.723490701741326,47.9289938353554,43.72713958906226,67.407341841996,84.71566651275239,74.9095295944569,49.619560884179,65.89005646353492,77.185858369956,54.05757248426377,40.38465216974982,48.14796576631879,55.959978033754794,65.44180894935332,74.3520049117198,74.66243694665012,73.79722135148026,68.58648580447311,93.00291363365857,52.223676070434024,87.12260086121773,56.98809578802403,68.01580676590541,89.71340702685582,68.32728639151725
2019-12-30,118.20891040599209,58.40366646310139,59.85881874070646,71.33601208144462,84.88690650512716,74.8413854177473,47.67352283749596,96.7063010780218,46.64821826477524,80.16009007913999,69.44497590473983,174.1225524047728,65.78638937774238,72.6641337632238,61.51982920127733,56.5646317031542,74.44416803982297,56.16026494042993,52.24767477900495,65.02866889548278,47.629960450489186,49.00530166757511,61.47308795527452,67.967669305324,55.30339784011236,67.25765574801925,97.12938984167951,56.22373142753621,74.03115575912814,61.493074928646536,67.63344507929081,47.63588818903062,67.22338404009837,78.40336201448001,72.49645434933413,47.32603283220837,61.566819522000465,84.36692743213483,52.87035025345319,54.9806268177246,45.314228224460315,50.49730047731543,81.56237227216033,65.94268274944785,69.32123642785758,82.26881913193499,67.02365434249836,129.95400192721388,42.459666412712025,82.9191826896988,61.9663622318149,51.72932949429502,81.0550129103103,69.25922048355591
2020-01-06,123.19679321366723,43.54388691338286,49.68467042700542,55.37960550361897,69.61548745826966,74.00234646163275,49.22425714853073,84.91594356063577,38.86131490562862,69.33794937430127,58.38661910849778,157.276164583946,48.08648805459962,71.45959687547149,51.50111450939965,41.671086224731845,55.37239503650773,37.57602947425761,43.81926009018086,57.53308634708143,41.476267282765434,64.16206473808124,50.51052256766814,64.61751699882673,45.651712532407466,47.455860048610326,67.83746230767929,49.927233720815906,85.44334705583654,60.99367967872306,52.1636773607174,47.0198679051445,46.41596373147128,76.29419109091394,67.21201094239103,43.65302788336992,50.553777961688965,63.16040123506047,55.08344933156614,49.97786488261803,46.08108182829596,48.042498624018144,74.08845802762087,48.58194227705893,61.933791549484795,64.0725430780615,57.45897183204524,158.05583956347988,54.68367327656321,70.34045713852736,60.6406262409375,45.82548086704875,85.30474482043103,61.984228370778794
2020-01-13,99.16707140714928,45.671780115879706,46.35216574744372,57.4826077438992,72.57329201969634,66.7275505616965,42.9845781171905,58.79674217375083,37.58104464249247,71.37242298178819,58.58592207588519,130.91629110823226,46.362605131996155,67.80872128411688,50.434494945260184,39.09335052935255,57.0112234613851,39.8462884328343,43.491323198189605,61.19979130175251,42.73058667595743,62.327195345342496,50.2917530006937,63.593261221844294,46.078648952946644,49.376530334672644,61.364300787738856,49.277582050927315,65.2181402647185,57.05851147230165,42.573218460399424,50.52811662953534,50.630195325433256,76.28912566694765,68.9157137044919,42.505976544670474,48.33992888791258,66.6395862937445,51.280823945429184,53.7964537037462,40.53022330830079,47.319873078159254,59.00281212960376,52.9922826480766,60.92308098992565,63.42562332040136,57.16616610421032,149.32108081329744,46.389264624900534,69.40434005845832,57.48948482667747,39.28679451440863,77.87749609880153,58.74346110876731
2020-01-20,,,,,,,,,,,,,,,,,,,,,,,,,,,,,,,,,,,,,,,,,,,,,,,,,,,,,,
2020-01-27,66.18948393510524,43.016994546243666,37.64504388033339,50.4805917215969,61.17795821005865,57.267754110706214,37.519375820516245,72.7944882489236,36.93278968503873,62.40662798616082,53.2079920468079,119.42495351509251,44.23743115806756,58.75406612497977,47.83471063693737,35.82121758782818,62.02659122902478,35.440518472748906,34.431424005107225,46.7917247141214,42.21285687047588,55.56857881505628,51.28777798968911,59.572045175472574,51.34838666634789,43.83908644638236,59.665974258369076,44.788178357060715,60.589561294443406,54.32947099347725,44.48169196348817,45.343854260006374,40.251148090451814,70.52965096066356,58.286275181406744,39.35640633208806,39.23417481535364,59.063814003151656,46.83201307351604,47.724135417680216,38.845860534878334,39.55080086968886,60.300227370700675,46.45046474796641,53.0718920312056,52.54601318622819,46.96591875309228,189.63268730363964,39.215008544127286,60.982521767227404,55.765095523828975,39.82382338809368,77.27708405886453,54.30441918263249
2020-02-03,80.44382752917049,32.98138058252478,36.86280628696774,41.8916700696599,57.08986913491008,49.769465073624886,36.78141709335759,56.028591590123426,36.40954871748493,57.376167585624074,47.932121508642034,94.1736547842282,37.25420068255169,56.339645112233356,41.72808692864008,32.40548646865081,50.792910211439676,32.87869167761552,31.420274261919264,42.56625270406287,34.690173040449345,50.25817699008973,47.47142092852724,56.559981775275716,44.573704205310605,36.17199303941074,59.56867889787539,38.24122613598835,54.66079183705115,43.154165019103786,38.40469068580875,37.25988695671188,38.69068521496619,64.84700422150704,53.006306331994885,32.2238187425463,37.46055178744907,57.642113063026,40.95659167741121,43.58502200257664,29.662931041313602,36.27662844405457,65.3217259888738,36.101569170592256,47.718110985501326,49.37272259075703,46.75536035725483,116.0866886858678,41.182809446877826,51.468140739439534,46.64396839863799,25.361676960506248,51.46790465009993,47.282514868231864
2020-02-10,,,,,,,,,,,,,,,,,,,,,,,,,,,,,,,,,,,,,,,,,,,,,,,,,,,,,,
2020-02-17,70.35801962781478,30.542390435506782,33.64116467591239,34.426734223947356,39.63903700402886,34.291160822310005,25.72632361648015,44.507374768429244,24.976935310288162,47.26832440040546,41.95501654958872,74.6616462201328,36.16700016990194,42.59765877571209,33.6796490824585,28.101925744540466,40.68943049633161,22.16314189237797,27.43546871289123,37.84047000992226,24.443628763028237,41.6395138007865,38.20789178323325,44.6813149956734,33.86521682408938,37.35088485835965,48.70402718645658,28.857900462452733,39.53622339527894,40.39292028740313,44.44319851836522,29.565585953923268,32.488104790784575,49.586269135262526,40.247348926398395,28.22701963759491,31.896373303720974,42.526257152847634,33.14629095953972,17.871915542678572,21.84083256459185,29.735166920968165,51.964486477774976,32.356013127011586,42.242427313530676,38.612644408679756,35.493479593626866,87.9061649727943,62.83670267921761,42.43425018317468,37.52614953681308,34.097709075447966,51.33652728968333,38.994892697361756
2020-02-24,86.62520051769224,44.23711462055045,49.35603116000326,58.13868037698743,72.24725462059263,69.67748897472437,53.93062458867213,86.84506403490678,53.675417965467545,74.5858311643202,62.92620163117079,133.42796613701978,54.0482650092725,56.96090931553506,54.57622684386567,42.55516986241396,65.93541887323678,38.773711098496,51.54550910073789,64.78698704452498,43.154073995171004,57.438542469553155,63.85359596151414,73.33055614776123,50.25728728950199,48.19904214183307,67.92097576837996,51.775374276300965,66.83288411370884,59.03432120763517,71.49646526875475,52.02409505350686,51.77604492338458,73.52690700916342,71.16008876212845,42.03130110892661,48.77017740172563,66.54305995384645,55.14094525459837,48.076891601154024,46.43216296570029,48.61749779781196,79.6212957771513,54.31576873613545,60.288400465546815,61.897469677532776,56.10490116214349,139.55069212389054,60.06200957264228,79.21088630544398,58.93668181114792,40.9236014799209,80.49540283197308,62.33310327086378
2020-03-02,92.05829937449587,45.44354821798977,47.98770128385409,57.903818623966686,66.6703843898798,65.56498143165348,47.172553455343674,70.41072654492906,48.0349829539398,74.47888654909687,58.50223261216193,136.84666549248675,55.62228695777952,62.46839194131454,56.40933408237432,44.99397945574172,58.61223751837681,41.5515035900121,39.990928373500424,55.539292325519625,42.172133619821295,55.13482896175311,63.4367143559702,70.06552212714277,51.180369115282936,46.997119365128476,88.38210656280255,52.88240646536082,67.89225220496503,53.30066745837582,73.94742106614395,49.196528771408396,46.8839401952735,79.17584390235712,61.67729097026695,44.63461725292439,45.949406670026036,69.96800091951803,60.116498365441345,54.554136293405456,48.47431078222419,47.54711363680094,79.31757324835739,52.3676547112425,59.41063871412774,64.11997884224131,59.2250432206822,153.47403182742926,78.27684574867058,60.8250995960061,56.46960381681661,40.00811536284317,74.13841605205594,61.83896161089213
2020-03-09,63.92631693015139,46.023246118308414,41.800442476793364,60.01493686735013,55.377987486480635,52.681976344116364,37.593872690562364,57.93205667424804,37.2283491165986,66.42717839377846,60.25750043676125,142.5026452305949,55.534051189100616,57.348067467892065,48.74171749051074,45.06370234559808,57.06048890192928,42.679883396106604,36.79752246257273,45.29506434635012,33.53341430272227,51.7718984860519,54.00742953036706,65.6936394770546,44.9578254855072,59.8535970065136,71.45409588639261,47.866376335750076,61.851535785155534,50.814272769609396,47.032936047175504,41.658377239349576,43.61768762278733,70.79241285232641,52.5531843259692,45.017950991372224,44.94240655222672,51.261156187318136,49.743435508465936,49.07463342247885,40.63032811389785,45.343573758753756,83.24888671201771,52.985096061187754,64.80253554200972,56.08209731864083,51.85663676735621,83.86705912240387,49.01401575323676,48.196919957879494,51.61717762745247,46.44423754066765,65.47922327187334,54.47835961750519
2020-03-16,47.44529957447974,36.15159372120903,32.024288706293504,37.60503504332696,42.29199850218369,38.219169050741655,27.435125662926605,36.10708378388537,26.306884226445217,49.78712305841693,43.48172012207717,104.42111622234621,45.89578684121896,52.15814201957581,32.33914180368104,34.09021360051444,35.95401256418364,26.002651503785714,32.52084306313989,32.87232933540402,24.81287269655372,36.62324470814078,33.34058137177354,36.05936882274161,34.9359105242386,37.62083240258165,55.50436617945457,31.206655765168094,38.7966914230201,30.33222535753895,37.82165609878907,25.862212369520826,33.432569888265036,52.62889918473209,40.23552084853456,27.21429195581122,43.480369358819296,38.9225092151708,30.19204010058191,35.02552343136271,29.928363536698647,30.138607093548995,39.713021337610186,38.42976377342108,43.8522347481063,39.3841957152559,31.040535864960518,121.1566487133495,28.055159050276185,36.1731819333384,37.03994693196547,37.510649856384,56.930074535797395,39.74547704149712
2020-03-23,28.9508225256732,24.546586854153105,24.19347796019265,28.61728594772251,33.54698455649754,24.641559040567273,19.320238101497342,21.121428878482146,17.636983710773173,37.88386480751707,31.063575160860772,88.33786614850139,21.53977965272334,38.36056175885882,21.63869397668286,18.474256952445707,23.224128301816503,18.716820162143904,20.059958171741126,18.77126782532762,18.535314771116546,25.264408907034568,24.630125134703487,24.959436390891145,22.073070415586127,26.666079066418586,36.79644153282931,21.35699236417045,28.07495282314126,26.289265952740326,25.154403960089088,17.67479324040378,29.597282819672962,40.123921412262064,26.87772948457455,17.42312954576143,26.673053489035986,28.298709687313398,21.354243585583593,20.612074366072832,12.204843339086471,21.142706239509614,37.97972612101195,24.2012209498637,31.496354431026173,24.232579542167397,23.262603969488783,27.313145293014568,16.98251973652218,28.54900933240135,25.878094389824586,19.780562480747378,49.05114127102351,26.625586349797494
2020-03-30,31.874815369951264,18.358676789681823,19.293313366028443,18.046505817355143,27.72659982790451,19.639445065125138,13.110918511510976,19.669341080189344,12.411036006451333,29.46399190744173,22.412505490089888,52.809957764747296,13.909451159734076,24.384231750059577,17.563984469466142,13.70180142795947,19.368081015901,13.668613853018787,17.203205799169805,15.617675471196918,12.717127025629075,24.106631576077397,17.70607317052516,18.643699140805456,19.07603157024471,20.49758831308637,31.070054570642647,15.251538433729479,20.863623015688272,18.846162065547787,22.242741680463013,11.397500807554696,16.743536115628544,27.40265149498099,20.614560108569147,13.597838597822387,16.803094069017305,26.436616075879787,17.523646744925696,11.609103007310813,13.164633668436315,17.012343768586664,27.12139746946301,18.278381094878892,23.204872446931176,24.92381445578584,19.064133724856607,31.042496223464155,17.517855005672324,17.12961776744454,18.997539770594894,17.394921464145902,31.432729045094472,20.371107649669174
2020-04-06,33.08557834797604,22.193023404293328,23.59956297594473,20.73342794736497,25.902022298612806,19.77714504897522,11.826693838369666,18.583498319833293,8.867190964000311,27.657893526348,22.169334743765674,56.36387752056936,14.498870403167832,31.956630935148603,15.484347802564786,15.211355227081786,19.762614173941547,13.180964807326744,16.344870866555823,16.13482328663619,14.15302560928141,16.59409534338539,17.55241796745107,19.43274297884552,17.69985980729614,22.073813972178304,42.85773493635914,18.954670111162823,16.429919179965662,22.039261349647077,12.978287322262359,10.975174741357481,20.089149610449034,32.628866971107875,21.00978517744461,13.280046287920392,19.274554687848003,22.136298645511392,15.665810729716934,9.521688724514172,10.185256092168537,17.831517532592205,32.82076743281437,19.96093237808204,24.89254674139725,19.575672119521357,18.830180625343388,1.8444402901246035,8.47024571274225,19.29089250687589,18.45330017381057,17.175756104978632,42.94342922402999,20.206714481635146
2020-04-13,31.317583760475497,22.156153852182946,24.715981873281244,22.849009066998853,29.999122203467408,22.6613724450583,13.4858395051263,17.164294136633796,11.498834221469831,30.9252855245358,28.86137054529217,63.895158120599724,17.160411266322733,32.66063648968747,18.10896445145228,15.760627270833664,21.465998830116614,13.709079272709253,18.470460909844025,15.641821836361835,14.892686948290816,22.804861000869337,20.63402655383364,18.323709319150602,19.860182558862245,24.001281785121165,23.323285712766427,20.388379868413228,18.39281386049233,20.111135417286263,19.37240314529228,12.843299479433107,26.47915229677745,33.78531213272831,24.363307125995778,15.216651350462044,24.242970147163483,26.24544918293817,19.39863205228617,13.861423309472652,10.592052031071301,20.97305421311086,30.02609211750564,22.1272548523422,29.087880429904924,22.194826448795737,23.43052092030665,6.413100357791108,36.77768470129638,18.14220079845318,21.76063888248039,20.22934135581782,29.78670685011595,22.313024958284476
2020-04-20,32.47178201680362,22.738770543457278,25.521633199622606,23.14721499544652,33.086448563307684,25.692023529951342,14.140252384454362,20.6897287295004,14.497219683815208,34.553498382889984,28.522505648728913,69.77067000715817,17.514109406165772,32.3127862300763,20.094134789355614,15.924452822029656,27.46994133391413,14.47725736208,22.364605717355552,17.128930473833197,13.725268212522574,23.4889663669072,21.2096515680682,23.755602815343657,19.67770282268397,29.213200652532787,31.775701802490282,21.995776292702367,28.744150599722463,22.473382103219414,16.983596578963322,15.079724693022836,26.45610181844777,35.294048175090225,27.34639522296061,16.29631068077623,28.318438550247922,25.34601681132805,19.728530182125827,17.600986474151266,15.919225523575554,22.341046121241806,36.036045088098845,22.604053785910487,31.394571379943372,30.0980513787546,25.228765004435676,126.85711740256579,38.340682540972665,19.949999032808137,24.04537214751469,18.7958163354515,62.22269122931314,27.367187834223387
2020-04-27,20.21716150856514,27.29341022742188,21.973341462846278,27.208876809971738,34.303921548799146,26.991596508995805,14.648417050869165,17.666670762665927,14.806690405663293,37.17978075441601,30.42656871343343,80.70997208381127,18.50968333074163,35.488170394360026,21.511740236213175,17.45352852829652,25.76181316891792,20.24660744577764,24.131053551451178,17.03252424408617,14.04289396617896,18.8742180130046,24.75491972535203,20.779491206304428,21.02398207936236,32.74016131332904,44.72765938889513,25.439354941862373,21.7692780179541,24.63582627659691,19.153552821521462,12.140693545902526,31.061951688460823,36.821888996273216,29.3675522569622,18.888201725665727,30.960285825872386,30.413729583531733,22.965080030520998,8.277757631981446,18.998283185402848,22.949004878541732,32.88793509255709,27.43510298430697,33.021389096302364,26.94510141066243,24.99879077505814,64.71825561438999,30.8558054832562,22.356282830784398,20.609813940572497,21.70039434956425,43.36774405143567,26.664979461616422
2020-05-04,35.80069618666121,29.512937062993522,28.90279600123541,28.24879928896719,35.51874066140571,31.329799474502398,17.472019780293824,25.221339787595802,17.625233388550168,41.053365837473606,35.1010362567201,74.51084555308653,21.65511882466849,42.44680496235471,21.61412433456501,20.932116130843283,26.960614460096174,18.61174948865743,27.495918550171748,18.342497667333568,18.272978240747168,28.66126870937436,27.19543728087879,23.629194163017907,23.698079611242054,31.413092897451488,39.99565455099181,24.69721471369691,35.57480063328096,28.121960855251803,19.043900276282546,18.727832236735328,27.442906338214964,38.28330668854756,28.39059538012715,19.762823296196736,27.741326248616428,30.100068331875786,24.290011811685186,17.897296672124575,15.057716222925574,27.734717896747828,36.26838382673851,26.37146667926801,37.735502058457094,28.52429795904043,26.41190345246569,39.112824186888616,27.12233244229286,22.94531965165493,22.74971638324481,22.56567364931191,53.15970124814171,28.623695439465916
2020-05-11,33.68946847227149,30.99539249932724,26.452149767017477,26.528881170554566,37.11885144900587,30.60921850923629,20.43139922340268,25.43619540326061,25.61649912233904,43.02636728948856,36.44959681516667,65.98747064833337,25.50647050492189,45.07472327777673,22.47838087391422,20.972336149970012,27.32642695561519,20.96585999984575,30.34400366024909,18.423474680724762,16.927969899259256,31.85736775389089,28.342336865571628,22.932163315036888,23.491213368355123,36.02590764066245,50.22373854903322,27.750031473094698,29.41072657770812,27.061122921910812,26.877968082346715,17.86511096565259,25.535375837588077,47.04476606578163,28.715179929377154,19.63857546608898,29.422304645461413,32.16881292666505,26.853171234597486,13.579921184038644,9.794581618364123,26.116117838877038,37.06396754277697,29.75016535354689,37.54717948259774,25.91639194608032,28.134884873424078,87.61827535091575,33.47669668256105,21.486351357866365,23.812891850748677,23.877940645702427,33.30864123802173,30.057755036906137
2020-05-18,37.20219198247622,31.6005095439262,30.578009859274268,28.195158595903575,36.739183682318284,29.06079755723908,17.35687042848826,24.019525451158266,20.533868404906848,42.27439148445255,36.69614319747118,61.99209610597917,25.57369243996575,38.448778830513575,24.567631617304286,24.912425113719,34.34681268835744,21.457105733308246,30.8006059572023,22.831256552091784,19.322865655350498,22.296814809482655,33.141900544781485,25.67438613240273,26.25726310024884,35.596648055718866,42.195619017100455,28.4750721209446,35.51352584203807,29.65392525264843,23.47595698616897,18.853738909923347,36.777253616239854,45.10177662016297,32.53497296040579,22.360400155132922,33.03498815784881,31.288406410549587,26.87250640366549,13.278118847768345,12.283326627213672,30.585988743157387,34.79317956670667,33.31096492967575,39.680579939241376,28.754186443916375,28.451860263406797,38.9635104997244,24.02648399815178,25.807379590808026,22.606169161959446,27.16596432773223,58.27878096542747,30.294369243052085
2020-05-25,37.728552836953824,38.28221965915868,31.678488073685998,31.65943898749371,39.88712580928114,31.471880823631338,19.71706295163048,32.60117578094441,22.02336287747787,46.02780418721922,42.25954383449428,80.65351277519969,27.164673907050148,45.03388748077465,27.896552187258763,29.083655968657432,45.29029046002522,26.878137601769186,34.70624413878958,22.691469796953765,21.14138072542308,32.28235645250055,36.552696464041205,26.073907577814804,29.942318136069673,36.73953479145164,49.45583212388897,29.626329728151397,35.063370568970974,31.276118907090314,20.381676719265272,25.00606839862539,32.01247213989267,51.163653358659595,33.98629376103186,23.335586382987096,35.71245813056347,31.705760205664202,28.126359468844658,27.452335706111523,18.55068121080876,30.276202423207124,47.36114154349431,36.13187429316084,43.636429877519795,36.56999757298103,31.20860562434101,29.474748027756487,38.55632663393659,29.21989661659595,27.857322434316593,32.615379704989536,59.77487192457959,34.1699069391167
2020-06-01,39.84300998533861,32.67587827266294,31.85590869448185,30.678623730246624,35.150021063152906,31.595534020172742,18.49602568985175,27.035327104989364,23.859112681924767,42.860658676860226,40.56881703259194,74.37053399635049,25.53243965101648,33.80677121291722,26.272940387622146,28.018777053289305,35.956958990626994,24.30470477734279,31.73584493728604,24.374404730972692,22.43556036344439,24.133567116505553,34.85629155120853,24.103573296005173,29.274827469472047,38.47303472713549,43.07974968597017,27.632803132391764,33.61720523230132,27.071977347402807,23.57990722255739,19.868539427849328,32.31054770551589,44.288253830019634,29.355825475379273,24.638435447893485,32.83748071038989,30.613491108746057,26.345492748979968,23.522135038468235,13.163381525330045,29.033340070624362,48.21222900913779,30.82540477916545,40.25491806068041,28.52618370016213,28.73720814213797,67.74394722167652,36.511241538031264,24.64116752756897,25.767333278431746,33.97596661952528,39.035680121583844,32.02752816832812
2020-06-08,30.44134341233411,34.99968597203794,33.00620132619538,35.12622015217809,41.12999783424301,37.45115548195295,21.004866250580786,33.55948229859975,27.72567985352252,45.724652061397784,42.706444844018975,60.086396997965004,29.61470092498324,40.91644563396239,30.71274541365925,29.79907007830273,43.30132705665632,29.837856959233346,33.81291759433917,23.037211387680436,23.246861305466773,30.933106130109078,37.735574361305524,28.060366597306288,33.4059475337507,40.87969870344328,40.73854512892408,32.623167460552544,42.52880089097361,36.975075674194045,21.938533414359593,27.422225833967637,36.023374574879234,54.66448195937855,34.382652895788866,28.89915621282011,37.339478651899746,33.709992455890514,31.906704381958946,19.592806486991712,18.37500994865895,30.960267772635433,67.9394931226618,34.87656249053253,46.04762001313673,36.96937497608089,35.4710403461654,48.18928046129359,30.368085641796497,28.725745104521714,31.68305921358043,37.210744852358644,77.32256535559013,35.87056229220409
2020-06-15,41.03610797158042,39.185458649143754,40.95079017419364,36.97189398181942,45.80053535297486,42.97297616387443,22.40876111465677,41.8057824964276,24.22035530642105,48.4765737444043,45.98410528026157,106.657120255044,31.309021342286453,45.49653207805995,32.08999224106615,32.99994277685461,48.81599371910513,35.864952220365225,36.646598959974476,29.02786640848085,24.66015627461755,35.79504868322477,40.948765143264254,32.036476930251354,31.237767106755534,44.591918790380106,56.477158172709686,34.694716876986696,42.94866774225406,38.371887747592844,23.41157815760388,26.403851407025808,36.91527432319361,58.76823806755856,39.84658303666807,33.86667686551114,39.64859957884229,40.52922943727479,37.9193932862399,20.818596485487163,18.82450210789214,31.48029862788653,45.10244255115489,41.54216630521804,47.60375588173828,35.616887526709476,38.75055569570922,44.20217509969175,36.99916447845806,35.39271815271062,33.35469388799709,38.49624533246483,62.16685846552392,39.21027185780362
2020-06-22,42.051395882010816,36.62342199463885,37.36148831836419,35.24883355583499,47.116345298416576,42.76685455463549,21.05125204556585,39.89340732107304,19.63887232792361,50.13104270634521,48.34556526524849,88.58090522193353,29.56201040233937,46.40601587048361,35.16811314940877,34.56197054355921,43.804888321105615,37.412697539826546,39.28418273259393,27.78026433768217,27.503525367018,34.73403774239913,41.64035438248667,34.01244031389504,38.078201825400775,40.92087289784588,48.00986218838286,38.08834185492899,44.6201085208781,41.19587489666511,30.412927294449204,26.70608885178256,36.50934827747561,56.560870531220424,38.16242507714289,33.243955638032986,39.796659927968534,36.740301741600106,37.83807544748383,30.693406195527018,17.066511806303776,36.30618220772536,54.81460063106576,40.20521061972925,47.090383010757726,41.21197466506075,38.68767250258369,57.52193155124439,29.067611375569857,35.45913891850899,32.97254276547268,40.49100984123511,85.7558439638937,39.903921136240086
2020-06-29,62.11130668692521,42.93981150039353,40.693833454703814,41.10470222116611,51.84879593761874,46.41218416269413,29.520530937010356,38.669941269977095,35.6778790160694,54.43060170720995,52.743337041032106,77.39075047247073,38.13830429280123,48.23535282624081,38.73707626869919,39.332156293294226,50.84176466624474,32.551106176186735,40.630119725388646,33.58977366557542,32.95389838408518,31.585425164832397,43.87873348178342,40.583678342228716,35.737001739488946,46.89884798499335,53.925310425528146,40.00911563402178,48.20652823653388,39.75417345599969,27.678290130272774,29.062769272225413,39.34187307195168,61.2897243635387,42.716872545769604,36.91867597968232,43.12724347871398,43.38303167197956,41.89073723909472,26.04920409431315,22.270292887297988,36.98931170821949,50.92318754877104,43.50825430481949,49.86318435288225,46.55109065509332,40.36201690275157,80.11370264843102,31.50988630802958,40.365043171316145,37.280662136793296,38.82925781590455,56.64741577853,42.939693759199606
2020-07-06,53.31151002093721,39.166869354600045,42.9937621099656,37.4256452335797,48.898881648230855,51.174606212635204,32.29879203685411,38.17590084921829,31.399758723045775,53.378160248179825,50.91488168076558,108.15092997939979,36.36631362822389,46.37831491682557,35.50752879595353,36.22755156308203,48.72966410316253,38.4210437307415,40.83433468483318,33.21988830065218,30.85606605295796,27.682834951775924,41.216068590351405,36.44426510937597,36.554041869592425,45.55008685203396,41.88645723276815,37.76438879450843,50.438318221524106,39.216949092929156,31.936196628960072,30.722073592143698,34.65990624178999,56.95015512195393,42.03130426264258,34.92938641918579,42.34963115556752,43.64615485164488,40.69162221347007,20.30385796162692,21.168401639482752,38.05875261257325,51.13383310009879,42.53303053565242,50.42769929449078,38.68970385775338,40.1638352782711,67.03867564257642,39.161783568722036,36.678998735138784,37.30264191065912,42.39745724620178,59.50350638773388,42.133253261264976
2020-07-13,48.21897423175957,27.49113981915009,27.15531740815502,22.132286025163747,28.38688609802848,28.567621672246762,12.455326200231983,20.756551971309463,26.179467226981174,37.53818719707697,32.463900953270404,43.290122261601155,24.99949016690453,33.23442070869598,22.254337030961604,19.54795053034553,30.423998090730475,23.66741766619986,24.205312138570637,16.982560335522916,15.447121886947508,25.373091340480947,27.57905476803041,21.237112618294393,24.529903263121877,30.955052312889208,25.495893903249144,22.385160856955967,31.27150126077205,29.444962491040048,16.706510796988198,17.313631679429513,21.18588309790968,39.34369817840161,25.322070955796622,21.728381449307467,25.063800277465514,37.459553153868896,25.878182015220624,18.23672869647993,22.23314036412281,23.52029428964212,34.463201756198465,22.488565711000813,32.72780632313509,26.88612769904555,23.468433111858765,75.93449781934805,21.68266616608848,24.309970066047867,24.809122327522925,20.797205951947728,31.19638327541801,27.102376935791177
2020-07-20,,,,,,,,,,,,,,,,,,,,,,,,,,,,,,,,,,,,,,,,,,,,,,,,,,,,,,
2020-07-27,,,,,,,,,,,,,,,,,,,,,,,,,,,,,,,,,,,,,,,,,,,,,,,,,,,,,,
2020-08-03,58.437695141233775,36.55582780955265,39.989562094362654,32.02568409036123,41.461650894848816,40.15551917776349,25.579217613955148,31.09108061017066,25.95786795236815,49.02358107700917,44.826799097412604,94.94845469530577,28.274083814953517,40.52175912385232,28.94290080666472,27.48399253936647,38.06387996429172,27.638131490280045,37.26027343528036,25.61238093768588,27.43808717218592,40.20138027357899,41.154014021738895,33.752265462649376,36.55582614014901,40.66799664834976,43.57991839633061,32.46868758048204,41.70118307911969,43.48142269926882,25.129047862346997,25.67456620726802,33.152128985394114,51.690025785615425,34.75268051902255,27.837999760850767,37.63006504953541,35.339893459694316,36.40548640285452,13.723739951666904,20.972791770876004,27.920772691976428,49.36374857634386,32.01886556950564,46.688998350424875,31.670082093812862,35.68335766634062,36.786312359358796,23.61216969926333,30.87629739707057,28.432190645691442,34.114986406914184,38.247349151160826,36.086314720821896
2020-08-10,59.542621296767045,40.58874018538505,43.08953651661043,39.82589515743634,52.37283444852749,41.117160649012646,28.75445920126816,46.77309431533378,35.32103231893796,55.973716010963315,53.894665956923255,96.00616647741042,31.66591059086509,52.80014578071352,36.31781152067325,32.007678709781466,41.00873840996821,32.34188429094649,42.38825670645939,32.89004159608745,33.480493832313016,44.371361914181946,45.02626514629661,36.439439130623335,36.92564395706423,43.17288284573741,47.64604850654957,36.544482460718854,41.41187744206985,42.20434492622124,29.193520991706425,30.564099924552995,33.6768998148218,61.14125033787058,42.75775076578397,33.96237279090854,40.32460983786157,45.07877350637446,42.221212540211546,24.954935136224986,31.45180310183961,37.60732236381081,52.048713584568965,37.499822121395795,54.89944540567707,43.504791865065286,41.50546174037701,55.182929240685475,43.949786604171656,40.43734841657958,36.49754987039128,34.75298921499005,69.810037514682,42.73446522627166
2020-08-17,69.61776389091446,33.930663667449444,33.92119809976772,38.72874648761285,49.81535083051362,40.85727013178321,29.104092936359674,39.638437678323996,32.881682641592676,57.38281462714416,51.414813361437474,81.10796569033323,32.47002049069066,47.25923500207018,35.51715143846197,31.501007499670692,41.73949082945617,29.077211177207555,37.329683290389305,31.23316558521389,31.533759519252246,35.12577542035373,43.20787037333106,40.517790376011796,36.014840056360725,35.60851718380976,57.018732497275884,36.720145018433094,53.674274461686366,38.27818023632783,29.986100723679236,30.85314764497309,41.56338859923575,64.02703687441274,45.05269319863986,34.05482125613,37.955050579512594,39.22763425726004,40.75774328003703,13.66254047716864,23.93520926044931,31.952883132902517,42.33548310429278,39.030307958136405,51.5654594657059,40.266113761604,39.724993129364364,108.72745271271485,17.442260223906075,38.85062848043242,36.806795280913676,38.79143276615067,70.83554036583232,41.69117673646585
2020-08-24,63.29762607571562,37.785632753994605,34.031803695821864,38.891889265236784,50.804782837486066,40.42059232400506,23.016139880374414,41.61187599850231,31.195177724004807,55.612237603431986,50.1781744710466,82.41768436165887,27.59430910707886,42.887127873768655,34.497741197161155,27.7696038927293,40.82579027104832,26.3405256977872,42.286987318237756,29.57482860552729,30.95727748212737,37.31040166714365,43.465876248606044,36.38948089644353,31.440677856101452,35.03363309203505,55.31930063813482,33.36719857525109,40.10677055702065,36.570369183496226,27.120167827338342,30.766205681077288,38.706473736538015,64.76135649992897,44.14732750103908,27.779971010509033,34.98611364541726,45.82001352225306,42.155772031937744,30.14813697753904,22.509876579722157,35.876997933814394,52.225181448870536,37.03612309180801,49.36246384809616,41.87753406194025,38.949644668515255,91.55228578157414,17.528829420806254,37.56746150570893,34.63857861098828,32.646266352606965,61.99902867640986,40.39930806727201
2020-08-31,88.72636213221972,38.61062135575824,42.31232220626181,42.717874433857105,53.500327225571006,43.65412652534584,26.98563281257494,49.000659765352204,31.74161718873327,59.49799108973951,53.10110489421261,91.00163706045805,33.11706534696006,39.45708684524189,37.63953975554589,33.43343954772106,47.16898283097145,28.091090214867066,41.762306711319034,30.00833340353989,32.882886810172394,37.68036824189002,46.16972507509803,37.154663730117285,37.407305406413215,42.160577159088156,49.72344530498799,37.69777909136151,36.782233839017024,41.5640588051041,26.62995277780972,32.620402872689986,39.165012636641286,62.475901613085696,46.327526572957105,34.16408478524588,36.415310888961756,49.955438844056566,42.066211397387306,29.05039964565705,23.418380310937142,35.98393879081835,47.39851098583075,43.446117102135965,52.08904763777219,42.07357148877248,39.236371925146884,93.53585284895568,24.057628631980496,45.203431959109366,36.46424856881504,33.086901301473944,68.37478677866359,43.28283387121519
